temperature_c,humidity_percent,pressure_hpa,latitude,longitude,altitude_m,date,time_utc,satellites,fix
23.40,39.75,1000.91,N/A,N/A,N/A,N/A,N/A,0,NO
23.57,39.50,1000.89,48.324473,18.095386,177.20,5.4.2026,15:38:07,5,YES
23.56,36.98,1000.84,48.324498,18.095525,169.20,5.4.2026,15:38:13,5,YES
23.52,36.72,1000.79,48.324539,18.095605,170.10,5.4.2026,15:38:17,5,YES
23.41,35.27,1000.68,48.324569,18.095702,174.70,5.4.2026,15:38:23,5,YES
23.31,35.35,1000.61,48.324606,18.095740,172.60,5.4.2026,15:38:27,5,YES
23.15,34.81,1000.55,48.324647,18.095809,168.40,5.4.2026,15:38:33,5,YES
23.07,35.22,1000.56,48.324652,18.095837,167.90,5.4.2026,15:38:37,4,YES
22.92,34.98,1000.48,48.324628,18.095828,169.70,5.4.2026,15:38:43,6,YES
22.88,35.12,1000.44,48.324632,18.095822,171.40,5.4.2026,15:38:47,6,YES
22.85,35.45,1000.40,48.324683,18.095838,170.40,5.4.2026,15:38:53,6,YES
22.84,35.42,1000.37,48.324717,18.095854,169.20,5.4.2026,15:38:57,6,YES
22.89,36.59,1000.28,48.324784,18.095873,169.20,5.4.2026,15:39:03,6,YES
22.92,35.54,1000.28,48.324838,18.095879,171.00,5.4.2026,15:39:07,6,YES
22.95,35.20,1000.11,48.324904,18.095896,171.30,5.4.2026,15:39:13,6,YES
22.92,35.43,1000.09,48.324952,18.095903,172.50,5.4.2026,15:39:17,6,YES
22.87,35.50,999.99,48.325032,18.095938,171.20,5.4.2026,15:39:23,6,YES
22.87,36.30,999.94,48.325083,18.095941,172.60,5.4.2026,15:39:27,6,YES
22.86,37.52,999.77,48.325139,18.095922,175.70,5.4.2026,15:39:33,6,YES
22.92,37.16,999.80,48.325187,18.095931,176.80,5.4.2026,15:39:37,6,YES
22.92,36.64,999.72,48.325249,18.095950,177.40,5.4.2026,15:39:43,6,YES
22.87,36.24,999.66,48.325293,18.095969,178.30,5.4.2026,15:39:47,6,YES
22.76,35.09,999.57,48.325359,18.095995,176.80,5.4.2026,15:39:53,6,YES
22.69,34.94,999.48,48.325400,18.096016,176.30,5.4.2026,15:39:57,6,YES
22.67,35.58,999.42,48.325462,18.096045,176.10,5.4.2026,15:40:03,7,YES
22.59,35.11,999.31,48.325514,18.096079,175.60,5.4.2026,15:40:07,7,YES
22.47,35.09,999.20,48.325569,18.096112,180.10,5.4.2026,15:40:13,7,YES
22.43,35.33,999.16,48.325592,18.096129,180.00,5.4.2026,15:40:17,7,YES
22.33,35.29,999.06,48.325631,18.096142,179.60,5.4.2026,15:40:23,7,YES
22.28,35.20,999.01,48.325672,18.096158,180.40,5.4.2026,15:40:27,7,YES
22.18,35.21,998.95,48.325734,18.096191,182.20,5.4.2026,15:40:33,7,YES
22.18,35.89,998.90,48.325772,18.096213,182.80,5.4.2026,15:40:37,7,YES
22.23,36.01,998.77,48.325837,18.096215,183.20,5.4.2026,15:40:43,7,YES
22.21,35.81,998.75,48.325883,18.096224,179.40,5.4.2026,15:40:47,7,YES
22.22,36.39,998.67,48.325941,18.096224,174.30,5.4.2026,15:40:53,7,YES
22.25,37.29,998.65,48.325986,18.096251,176.00,5.4.2026,15:40:57,7,YES
22.22,36.46,998.54,48.326067,18.096276,177.10,5.4.2026,15:41:03,7,YES
22.20,35.69,998.53,48.326123,18.096298,178.60,5.4.2026,15:41:07,7,YES
22.13,35.42,998.43,48.326169,18.096311,177.40,5.4.2026,15:41:13,7,YES
22.13,36.06,998.37,48.326209,18.096323,179.60,5.4.2026,15:41:17,7,YES
22.10,36.24,998.26,48.326241,18.096383,180.10,5.4.2026,15:41:23,7,YES
22.09,36.23,998.20,48.326276,18.096402,181.50,5.4.2026,15:41:27,7,YES
22.08,36.84,998.12,48.326360,18.096452,184.10,5.4.2026,15:41:33,7,YES
22.04,36.47,998.03,48.326405,18.096486,186.00,5.4.2026,15:41:37,7,YES
21.97,36.47,997.93,48.326466,18.096530,189.40,5.4.2026,15:41:43,8,YES
21.90,36.68,997.88,48.326499,18.096547,187.00,5.4.2026,15:41:47,8,YES
21.80,36.23,997.78,48.326544,18.096579,186.80,5.4.2026,15:41:53,8,YES
21.77,36.08,997.73,48.326592,18.096606,188.60,5.4.2026,15:41:57,8,YES
21.78,36.68,997.61,48.326684,18.096639,193.20,5.4.2026,15:42:03,8,YES
21.80,37.35,997.55,48.326724,18.096658,193.00,5.4.2026,15:42:07,8,YES
21.83,38.59,997.46,48.326792,18.096671,190.80,5.4.2026,15:42:13,8,YES
21.86,37.99,997.40,48.326844,18.096670,188.70,5.4.2026,15:42:17,8,YES
21.86,37.80,997.28,48.326906,18.096701,188.90,5.4.2026,15:42:23,8,YES
21.89,38.43,997.32,48.326945,18.096731,191.00,5.4.2026,15:42:27,8,YES
21.85,37.41,997.24,48.326999,18.096770,191.80,5.4.2026,15:42:33,8,YES
21.88,39.17,997.16,48.327035,18.096793,193.30,5.4.2026,15:42:37,8,YES
21.89,38.81,997.11,48.327107,18.096806,193.60,5.4.2026,15:42:43,8,YES
21.84,36.91,997.01,48.327143,18.096840,194.50,5.4.2026,15:42:47,8,YES
21.82,37.91,997.00,48.327218,18.096865,194.80,5.4.2026,15:42:53,8,YES
21.82,37.84,996.93,48.327260,18.096888,194.70,5.4.2026,15:42:57,8,YES
21.82,37.23,996.86,48.327327,18.096918,195.60,5.4.2026,15:43:03,7,YES
21.79,36.81,996.77,48.327364,18.096943,196.50,5.4.2026,15:43:07,7,YES
21.77,36.57,996.73,48.327423,18.096982,198.90,5.4.2026,15:43:13,7,YES
21.75,36.77,996.65,48.327473,18.097006,200.00,5.4.2026,15:43:17,7,YES
21.76,36.51,996.57,48.327519,18.097037,200.70,5.4.2026,15:43:21,7,YES
21.77,37.79,996.53,48.327584,18.097064,200.60,5.4.2026,15:43:27,8,YES
21.77,37.71,996.50,48.327630,18.097083,200.40,5.4.2026,15:43:31,8,YES
21.74,36.82,996.42,48.327674,18.097119,199.70,5.4.2026,15:43:37,8,YES
21.76,37.03,996.38,48.327683,18.097145,199.70,5.4.2026,15:43:41,5,YES
21.76,37.78,996.28,48.327771,18.097161,198.50,5.4.2026,15:43:47,8,YES
21.76,38.13,996.20,48.327805,18.097160,199.60,5.4.2026,15:43:51,7,YES
21.76,38.89,996.16,48.327869,18.097186,202.50,5.4.2026,15:43:57,8,YES
21.77,41.31,996.12,48.327911,18.097215,202.80,5.4.2026,15:44:01,8,YES
21.75,39.62,996.08,48.327940,18.097220,202.30,5.4.2026,15:44:07,8,YES
21.74,40.37,996.09,48.327939,18.097231,202.80,5.4.2026,15:44:11,8,YES
21.72,38.89,996.08,48.327943,18.097240,203.30,5.4.2026,15:44:17,8,YES
21.71,37.96,996.07,48.327944,18.097243,203.30,5.4.2026,15:44:21,8,YES
21.72,38.71,996.05,48.327956,18.097222,202.90,5.4.2026,15:44:27,8,YES
21.71,38.05,996.07,48.327962,18.097217,202.90,5.4.2026,15:44:31,8,YES
21.67,39.27,995.99,48.327960,18.097229,202.60,5.4.2026,15:44:37,6,YES
21.38,38.99,995.53,48.328004,18.097246,203.10,5.4.2026,15:44:41,8,YES
21.58,38.20,995.89,48.328066,18.097243,200.80,5.4.2026,15:44:47,7,YES
21.40,38.11,995.66,48.328121,18.097245,201.60,5.4.2026,15:44:51,7,YES
21.35,38.30,995.72,48.328176,18.097260,200.40,5.4.2026,15:44:57,8,YES
21.28,37.78,995.61,48.328214,18.097285,203.60,5.4.2026,15:45:01,8,YES
21.21,38.86,995.43,48.328267,18.097329,204.80,5.4.2026,15:45:07,7,YES
21.22,39.32,995.29,48.328296,18.097326,205.90,5.4.2026,15:45:11,8,YES
21.24,37.55,995.22,48.328352,18.097325,208.00,5.4.2026,15:45:17,8,YES
21.27,37.75,995.21,48.328406,18.097332,209.00,5.4.2026,15:45:21,8,YES
21.30,37.62,995.12,48.328474,18.097343,211.40,5.4.2026,15:45:27,8,YES
21.30,37.32,995.07,48.328516,18.097357,213.10,5.4.2026,15:45:31,8,YES
21.31,37.11,994.97,48.328567,18.097366,214.60,5.4.2026,15:45:37,8,YES
21.32,37.42,994.94,48.328604,18.097369,217.10,5.4.2026,15:45:41,8,YES
21.34,38.04,994.85,48.328685,18.097393,219.50,5.4.2026,15:45:47,8,YES
21.32,36.63,994.82,48.328730,18.097421,220.30,5.4.2026,15:45:51,8,YES
21.34,37.35,994.69,48.328801,18.097431,220.70,5.4.2026,15:45:57,8,YES
21.31,36.77,994.62,48.328839,18.097457,220.00,5.4.2026,15:46:01,7,YES
21.34,38.95,994.50,48.328885,18.097485,220.20,5.4.2026,15:46:07,8,YES
21.36,38.39,994.42,48.328905,18.097497,221.10,5.4.2026,15:46:11,8,YES
21.37,39.01,994.28,48.328955,18.097523,221.50,5.4.2026,15:46:17,8,YES
21.35,38.87,994.22,48.329011,18.097539,222.80,5.4.2026,15:46:21,8,YES
21.37,38.65,994.11,48.329107,18.097570,227.40,5.4.2026,15:46:27,8,YES
21.37,37.91,993.98,48.329138,18.097580,227.90,5.4.2026,15:46:31,8,YES
21.40,37.64,993.93,48.329146,18.097595,226.80,5.4.2026,15:46:37,8,YES
21.38,37.23,993.82,48.329156,18.097615,220.10,5.4.2026,15:46:41,8,YES
21.31,36.52,993.71,48.329241,18.097651,224.80,5.4.2026,15:46:47,8,YES
21.27,37.31,993.64,48.329297,18.097701,225.00,5.4.2026,15:46:51,8,YES
21.20,36.68,993.50,48.329368,18.097775,227.50,5.4.2026,15:46:57,8,YES
21.12,37.30,993.43,48.329414,18.097808,228.80,5.4.2026,15:47:01,8,YES
21.04,37.32,993.33,48.329470,18.097841,231.00,5.4.2026,15:47:07,8,YES
21.01,37.50,993.26,48.329514,18.097868,232.70,5.4.2026,15:47:11,8,YES
21.01,38.10,993.21,48.329573,18.097922,235.40,5.4.2026,15:47:17,8,YES
21.00,37.50,993.17,48.329609,18.097941,235.10,5.4.2026,15:47:21,8,YES
20.99,37.91,993.14,48.329681,18.097977,236.50,5.4.2026,15:47:27,8,YES
20.98,38.16,993.12,48.329728,18.098001,235.40,5.4.2026,15:47:31,8,YES
20.97,38.01,993.06,48.329791,18.098028,235.50,5.4.2026,15:47:37,8,YES
20.96,37.45,993.00,48.329846,18.098044,237.30,5.4.2026,15:47:41,8,YES
20.91,37.54,992.92,48.329890,18.098046,235.30,5.4.2026,15:47:47,8,YES
20.87,37.55,992.92,48.329957,18.098054,236.90,5.4.2026,15:47:51,8,YES
20.81,37.55,992.86,48.330042,18.098069,236.70,5.4.2026,15:47:57,8,YES
20.77,37.21,992.83,48.330093,18.098067,237.60,5.4.2026,15:48:01,8,YES
20.74,37.21,992.82,48.330163,18.098071,234.70,5.4.2026,15:48:07,8,YES
20.72,37.95,992.77,48.330212,18.098082,234.30,5.4.2026,15:48:11,8,YES
20.71,37.66,992.73,48.330281,18.098108,233.20,5.4.2026,15:48:17,8,YES
20.68,37.63,992.73,48.330331,18.098136,233.10,5.4.2026,15:48:21,8,YES
20.62,37.40,992.71,48.330412,18.098167,233.00,5.4.2026,15:48:27,8,YES
20.59,37.60,992.74,48.330455,18.098178,232.30,5.4.2026,15:48:31,8,YES
20.58,37.99,992.70,48.330520,18.098173,230.40,5.4.2026,15:48:37,8,YES
20.62,37.81,992.71,48.330587,18.098158,233.50,5.4.2026,15:48:41,8,YES
20.61,37.80,992.71,48.330638,18.098144,236.20,5.4.2026,15:48:47,8,YES
20.58,37.95,992.74,48.330686,18.098127,236.90,5.4.2026,15:48:51,8,YES
20.53,38.07,992.73,48.330762,18.098112,237.60,5.4.2026,15:48:57,7,YES
20.52,38.13,992.68,48.330817,18.098084,236.20,5.4.2026,15:49:01,8,YES
20.49,38.17,992.72,48.330875,18.098022,232.40,5.4.2026,15:49:07,8,YES
20.49,38.32,992.73,48.330912,18.097988,231.50,5.4.2026,15:49:11,8,YES
20.46,38.31,992.72,48.330987,18.097936,232.80,5.4.2026,15:49:17,8,YES
20.43,38.71,992.70,48.331035,18.097910,233.40,5.4.2026,15:49:21,8,YES
20.43,38.75,992.70,48.331112,18.097878,233.80,5.4.2026,15:49:27,8,YES
20.40,38.64,992.69,48.331150,18.097854,234.10,5.4.2026,15:49:31,8,YES
20.37,38.65,992.68,48.331216,18.097834,234.60,5.4.2026,15:49:37,8,YES
20.35,38.91,992.63,48.331255,18.097828,234.90,5.4.2026,15:49:41,8,YES
20.32,39.11,992.61,48.331327,18.097828,235.80,5.4.2026,15:49:47,8,YES
20.32,38.75,992.59,48.331365,18.097854,237.70,5.4.2026,15:49:51,8,YES
20.32,38.16,992.56,48.331434,18.097866,238.10,5.4.2026,15:49:57,8,YES
20.32,38.07,992.56,48.331493,18.097870,237.50,5.4.2026,15:50:01,8,YES
20.33,37.94,992.48,48.331563,18.097886,236.60,5.4.2026,15:50:07,8,YES
20.35,37.94,992.43,48.331608,18.097913,235.20,5.4.2026,15:50:11,8,YES
20.38,37.91,992.37,48.331679,18.097957,232.10,5.4.2026,15:50:17,8,YES
20.38,37.86,992.34,48.331705,18.097995,231.10,5.4.2026,15:50:21,8,YES
20.39,38.07,992.26,48.331775,18.098031,233.30,5.4.2026,15:50:27,8,YES
20.43,38.12,992.24,48.331827,18.098024,235.40,5.4.2026,15:50:31,8,YES
20.45,37.88,992.16,48.331906,18.098019,236.50,5.4.2026,15:50:37,8,YES
20.46,37.77,992.11,48.331949,18.098026,238.60,5.4.2026,15:50:41,8,YES
20.47,37.84,992.03,48.332022,18.098026,241.20,5.4.2026,15:50:47,8,YES
20.49,38.08,992.00,48.332079,18.098014,241.60,5.4.2026,15:50:51,8,YES
20.56,39.85,991.94,48.332156,18.097998,242.50,5.4.2026,15:50:57,8,YES
20.61,39.06,991.87,48.332195,18.097998,244.00,5.4.2026,15:51:01,8,YES
20.60,37.94,991.76,48.332261,18.098005,244.70,5.4.2026,15:51:07,8,YES
20.58,37.66,991.68,48.332307,18.098023,245.50,5.4.2026,15:51:11,8,YES
20.56,37.50,991.65,48.332368,18.098040,248.30,5.4.2026,15:51:17,8,YES
20.53,37.47,991.60,48.332416,18.098063,248.10,5.4.2026,15:51:21,8,YES
20.52,37.56,991.54,48.332471,18.098077,247.80,5.4.2026,15:51:27,8,YES
20.53,37.66,991.43,48.332511,18.098094,248.60,5.4.2026,15:51:31,8,YES
20.59,38.79,991.31,48.332591,18.098121,252.00,5.4.2026,15:51:37,7,YES
20.64,38.55,991.22,48.332641,18.098132,252.90,5.4.2026,15:51:41,8,YES
20.67,38.29,991.14,48.332716,18.098131,254.30,5.4.2026,15:51:47,8,YES
20.66,37.87,991.10,48.332772,18.098137,253.20,5.4.2026,15:51:51,8,YES
20.68,39.96,990.99,48.332843,18.098150,255.20,5.4.2026,15:51:57,8,YES
20.69,38.46,990.92,48.332879,18.098169,256.80,5.4.2026,15:52:01,8,YES
20.68,38.58,990.84,48.332934,18.098186,257.70,5.4.2026,15:52:07,8,YES
20.71,40.89,990.76,48.332978,18.098182,256.90,5.4.2026,15:52:11,8,YES
20.71,38.64,990.67,48.333030,18.098187,256.30,5.4.2026,15:52:17,8,YES
20.72,38.69,990.60,48.333074,18.098186,256.00,5.4.2026,15:52:21,8,YES
20.75,40.24,990.50,48.333159,18.098178,254.10,5.4.2026,15:52:27,8,YES
20.76,39.67,990.44,48.333213,18.098176,253.50,5.4.2026,15:52:31,8,YES
20.78,39.08,990.37,48.333286,18.098182,254.80,5.4.2026,15:52:37,8,YES
20.74,38.43,990.30,48.333331,18.098181,254.50,5.4.2026,15:52:41,8,YES
20.78,40.41,990.21,48.333405,18.098175,255.60,5.4.2026,15:52:47,8,YES
20.79,39.26,990.17,48.333441,18.098178,257.80,5.4.2026,15:52:51,8,YES
20.78,38.76,990.04,48.333516,18.098168,259.00,5.4.2026,15:52:57,8,YES
20.78,40.75,989.99,48.333560,18.098175,259.90,5.4.2026,15:53:01,8,YES
20.76,39.50,989.83,48.333613,18.098187,263.60,5.4.2026,15:53:07,8,YES
20.77,40.65,989.77,48.333650,18.098190,264.10,5.4.2026,15:53:11,8,YES
20.75,38.85,989.67,48.333703,18.098182,265.80,5.4.2026,15:53:17,8,YES
20.74,38.39,989.63,48.333750,18.098155,264.90,5.4.2026,15:53:21,8,YES
20.72,37.95,989.57,48.333815,18.098123,260.90,5.4.2026,15:53:27,9,YES
20.71,37.84,989.49,48.333867,18.098112,260.00,5.4.2026,15:53:31,9,YES
20.70,39.13,989.37,48.333926,18.098131,259.90,5.4.2026,15:53:37,9,YES
20.67,38.46,989.28,48.333968,18.098146,261.10,5.4.2026,15:53:41,9,YES
20.62,38.19,989.17,48.334044,18.098179,263.70,5.4.2026,15:53:47,9,YES
20.61,38.26,989.12,48.334103,18.098193,264.90,5.4.2026,15:53:51,9,YES
20.59,38.54,989.01,48.334134,18.098212,263.00,5.4.2026,15:53:57,9,YES
20.55,38.25,988.93,48.334187,18.098216,263.80,5.4.2026,15:54:01,9,YES
20.48,38.03,988.81,48.334266,18.098236,264.50,5.4.2026,15:54:07,9,YES
20.44,38.08,988.76,48.334314,18.098240,264.40,5.4.2026,15:54:11,9,YES
20.36,38.82,988.63,48.334389,18.098257,265.40,5.4.2026,15:54:17,9,YES
20.34,38.44,988.58,48.334440,18.098270,266.10,5.4.2026,15:54:21,9,YES
20.35,38.46,988.49,48.334512,18.098279,266.60,5.4.2026,15:54:27,8,YES
20.36,38.54,988.45,48.334548,18.098283,266.40,5.4.2026,15:54:31,8,YES
20.35,38.56,988.36,48.334621,18.098293,268.90,5.4.2026,15:54:37,8,YES
20.33,38.69,988.28,48.334668,18.098296,270.70,5.4.2026,15:54:41,8,YES
20.30,38.96,988.16,48.334742,18.098313,272.30,5.4.2026,15:54:47,9,YES
20.31,38.91,988.11,48.334777,18.098321,275.40,5.4.2026,15:54:51,9,YES
20.38,40.32,988.05,48.334845,18.098336,275.60,5.4.2026,15:54:57,8,YES
20.40,38.99,987.92,48.334888,18.098347,276.20,5.4.2026,15:55:01,8,YES
20.43,38.75,987.87,48.334952,18.098354,275.50,5.4.2026,15:55:07,8,YES
20.44,38.81,987.79,48.334997,18.098362,275.50,5.4.2026,15:55:11,8,YES
20.50,39.86,987.75,48.335047,18.098374,276.60,5.4.2026,15:55:17,9,YES
20.52,38.93,987.64,48.335096,18.098387,278.10,5.4.2026,15:55:21,9,YES
20.53,39.29,987.51,48.335169,18.098412,279.20,5.4.2026,15:55:27,9,YES
20.54,39.95,987.45,48.335221,18.098414,278.90,5.4.2026,15:55:31,9,YES
20.57,40.40,987.40,48.335295,18.098416,279.30,5.4.2026,15:55:37,9,YES
20.61,41.86,987.26,48.335335,18.098426,281.50,5.4.2026,15:55:41,9,YES
20.64,39.66,987.15,48.335392,18.098416,281.90,5.4.2026,15:55:47,9,YES
20.62,39.07,987.05,48.335429,18.098410,283.20,5.4.2026,15:55:51,7,YES
20.60,38.69,986.93,48.335502,18.098408,284.70,5.4.2026,15:55:57,9,YES
20.57,38.59,986.86,48.335547,18.098411,285.40,5.4.2026,15:56:01,9,YES
20.51,39.13,986.71,48.335611,18.098422,286.30,5.4.2026,15:56:07,8,YES
20.47,38.68,986.66,48.335648,18.098418,285.70,5.4.2026,15:56:11,8,YES
20.43,38.99,986.56,48.335720,18.098428,287.10,5.4.2026,15:56:17,9,YES
20.40,38.81,986.45,48.335770,18.098424,287.70,5.4.2026,15:56:21,8,YES
20.38,38.49,986.37,48.335812,18.098428,286.20,5.4.2026,15:56:27,9,YES
20.38,38.46,986.27,48.335854,18.098431,287.80,5.4.2026,15:56:31,9,YES
20.35,38.92,986.11,48.335923,18.098469,287.60,5.4.2026,15:56:37,9,YES
20.36,40.31,986.08,48.335964,18.098503,288.50,5.4.2026,15:56:41,9,YES
20.38,40.55,985.96,48.336034,18.098531,289.80,5.4.2026,15:56:47,9,YES
20.46,40.71,985.86,48.336073,18.098555,290.20,5.4.2026,15:56:51,9,YES
20.53,41.20,985.76,48.336129,18.098573,292.80,5.4.2026,15:56:57,8,YES
20.58,40.73,985.68,48.336132,18.098597,291.90,5.4.2026,15:57:01,8,YES
20.75,40.07,985.62,48.336188,18.098621,289.40,5.4.2026,15:57:07,9,YES
20.89,39.24,985.52,48.336212,18.098629,289.70,5.4.2026,15:57:11,8,YES
20.88,39.28,985.39,48.336259,18.098624,291.40,5.4.2026,15:57:17,9,YES
20.87,41.20,985.30,48.336295,18.098619,292.90,5.4.2026,15:57:21,9,YES
20.81,39.16,985.15,48.336369,18.098617,293.60,5.4.2026,15:57:27,8,YES
20.76,39.17,985.09,48.336436,18.098614,296.10,5.4.2026,15:57:31,9,YES
20.67,38.24,984.94,48.336517,18.098609,297.50,5.4.2026,15:57:37,9,YES
20.67,38.47,984.85,48.336558,18.098619,298.00,5.4.2026,15:57:41,9,YES
20.67,40.34,984.76,48.336603,18.098644,299.50,5.4.2026,15:57:47,9,YES
20.66,39.15,984.67,48.336632,18.098669,300.80,5.4.2026,15:57:51,9,YES
20.65,39.58,984.53,48.336667,18.098693,302.00,5.4.2026,15:57:57,9,YES
20.67,40.11,984.47,48.336693,18.098712,301.50,5.4.2026,15:58:01,9,YES
20.68,38.45,984.35,48.336740,18.098742,300.90,5.4.2026,15:58:07,9,YES
20.67,38.35,984.23,48.336770,18.098762,300.40,5.4.2026,15:58:11,8,YES
20.65,39.19,984.15,48.336820,18.098802,302.20,5.4.2026,15:58:17,9,YES
20.61,38.39,984.06,48.336861,18.098821,302.60,5.4.2026,15:58:21,8,YES
20.55,38.17,983.98,48.336904,18.098844,304.60,5.4.2026,15:58:27,9,YES
20.50,38.25,983.90,48.336937,18.098818,306.00,5.4.2026,15:58:31,9,YES
20.53,37.98,983.86,48.336995,18.098781,304.70,5.4.2026,15:58:37,9,YES
20.52,38.31,983.80,48.337028,18.098754,304.10,5.4.2026,15:58:41,9,YES
20.50,39.78,983.64,48.337065,18.098774,304.70,5.4.2026,15:58:47,9,YES
20.50,38.89,983.55,48.337085,18.098793,305.90,5.4.2026,15:58:51,9,YES
20.48,38.84,983.44,48.337127,18.098816,308.50,5.4.2026,15:58:57,9,YES
20.52,41.52,983.39,48.337152,18.098821,308.80,5.4.2026,15:59:01,9,YES
20.51,40.09,983.22,48.337208,18.098797,310.70,5.4.2026,15:59:07,9,YES
20.49,39.30,983.12,48.337226,18.098808,308.80,5.4.2026,15:59:11,9,YES
20.46,39.32,983.10,48.337288,18.098806,312.00,5.4.2026,15:59:17,9,YES
20.44,38.91,983.10,48.337304,18.098799,313.50,5.4.2026,15:59:21,9,YES
20.43,38.86,983.09,48.337323,18.098785,316.20,5.4.2026,15:59:27,9,YES
20.39,39.28,983.08,48.337317,18.098795,316.90,5.4.2026,15:59:31,10,YES
20.37,39.06,983.09,48.337307,18.098786,319.90,5.4.2026,15:59:37,10,YES
20.36,38.87,983.12,48.337300,18.098766,321.20,5.4.2026,15:59:41,10,YES
20.35,39.05,983.11,48.337298,18.098758,322.80,5.4.2026,15:59:47,9,YES
20.34,39.07,983.12,48.337292,18.098742,323.60,5.4.2026,15:59:51,10,YES
20.31,38.92,983.16,48.337298,18.098732,324.40,5.4.2026,15:59:57,10,YES
20.30,38.97,983.12,48.337298,18.098725,324.80,5.4.2026,16:00:01,10,YES
20.28,38.90,983.14,48.337294,18.098700,327.10,5.4.2026,16:00:07,10,YES
20.27,39.00,983.16,48.337295,18.098701,326.20,5.4.2026,16:00:11,10,YES
20.25,39.12,983.11,48.337304,18.098702,323.90,5.4.2026,16:00:17,10,YES
20.24,39.07,983.13,48.337310,18.098701,322.40,5.4.2026,16:00:21,10,YES
20.29,39.24,982.99,48.337345,18.098758,320.40,5.4.2026,16:00:27,10,YES
20.32,40.73,982.89,48.337364,18.098789,319.80,5.4.2026,16:00:31,10,YES
20.33,41.87,982.82,48.337409,18.098837,318.30,5.4.2026,16:00:37,10,YES
20.26,41.61,982.79,48.337430,18.098865,318.00,5.4.2026,16:00:41,10,YES
20.17,41.95,982.73,48.337452,18.098910,318.80,5.4.2026,16:00:47,10,YES
20.17,42.11,982.70,48.337477,18.098926,318.40,5.4.2026,16:00:51,10,YES
20.18,43.09,982.61,48.337510,18.098923,318.40,5.4.2026,16:00:57,10,YES
20.18,41.50,982.58,48.337535,18.098925,318.00,5.4.2026,16:01:01,10,YES
20.15,40.79,982.49,48.337566,18.098939,319.80,5.4.2026,16:01:07,10,YES
20.12,40.64,982.40,48.337591,18.098958,319.50,5.4.2026,16:01:11,9,YES
20.19,40.86,982.32,48.337621,18.098991,320.30,5.4.2026,16:01:17,10,YES
20.14,40.68,982.25,48.337645,18.099008,319.70,5.4.2026,16:01:21,10,YES
20.09,40.21,982.17,48.337674,18.099034,322.40,5.4.2026,16:01:27,10,YES
20.09,40.07,982.13,48.337707,18.099042,321.80,5.4.2026,16:01:31,10,YES
20.09,40.62,982.01,48.337742,18.099065,322.10,5.4.2026,16:01:37,10,YES
20.08,41.48,981.89,48.337758,18.099085,323.40,5.4.2026,16:01:41,10,YES
20.10,40.49,981.77,48.337794,18.099129,325.20,5.4.2026,16:01:47,10,YES
20.18,40.56,981.69,48.337811,18.099167,325.80,5.4.2026,16:01:51,10,YES
20.25,41.27,981.58,48.337848,18.099192,324.90,5.4.2026,16:01:57,10,YES
20.27,42.14,981.55,48.337871,18.099201,326.20,5.4.2026,16:02:01,10,YES
20.37,46.50,981.44,48.337914,18.099197,327.40,5.4.2026,16:02:07,10,YES
20.38,43.87,981.36,48.337940,18.099197,328.00,5.4.2026,16:02:11,10,YES
20.41,42.93,981.30,48.337997,18.099188,330.00,5.4.2026,16:02:17,10,YES
20.43,42.78,981.30,48.338023,18.099183,331.30,5.4.2026,16:02:21,9,YES
20.40,40.99,981.24,48.338065,18.099163,329.60,5.4.2026,16:02:27,10,YES
20.35,41.67,981.24,48.338115,18.099124,335.30,5.4.2026,16:02:31,10,YES
20.28,42.53,981.19,48.338159,18.099093,335.20,5.4.2026,16:02:37,9,YES
20.24,42.83,981.16,48.338186,18.099059,339.70,5.4.2026,16:02:41,9,YES
20.18,43.10,981.13,48.338222,18.099025,340.00,5.4.2026,16:02:47,10,YES
20.13,43.64,981.10,48.338252,18.098990,340.60,5.4.2026,16:02:51,10,YES
20.10,43.99,981.05,48.338295,18.098936,340.60,5.4.2026,16:02:57,10,YES
20.09,44.10,980.98,48.338322,18.098902,341.50,5.4.2026,16:03:01,10,YES
20.06,43.50,980.93,48.338361,18.098850,342.20,5.4.2026,16:03:07,10,YES
20.04,43.60,980.90,48.338394,18.098837,343.60,5.4.2026,16:03:11,9,YES
19.77,43.90,980.48,48.338499,18.098884,341.20,5.4.2026,16:03:17,4,YES
19.99,43.98,980.85,48.338479,18.098895,342.40,5.4.2026,16:03:21,5,YES
19.94,43.76,980.83,48.338471,18.098744,340.80,5.4.2026,16:03:27,7,YES
19.90,44.12,980.74,48.338525,18.098654,338.70,5.4.2026,16:03:31,8,YES
19.87,44.28,980.71,48.338599,18.098592,337.60,5.4.2026,16:03:37,8,YES
19.84,44.53,980.69,48.338712,18.098562,338.60,5.4.2026,16:03:41,9,YES
19.83,43.54,980.57,48.338761,18.098539,340.60,5.4.2026,16:03:47,10,YES
19.82,43.07,980.52,48.338802,18.098498,343.10,5.4.2026,16:03:51,10,YES
19.87,40.96,980.47,48.338852,18.098449,340.60,5.4.2026,16:03:57,10,YES
19.88,42.60,980.48,48.338890,18.098423,339.60,5.4.2026,16:04:01,9,YES
19.89,41.00,980.32,48.338925,18.098366,344.00,5.4.2026,16:04:07,9,YES
19.90,40.97,980.31,48.338968,18.098336,346.60,5.4.2026,16:04:11,10,YES
19.91,40.75,980.29,48.339015,18.098272,347.40,5.4.2026,16:04:17,10,YES
19.90,40.80,980.23,48.339054,18.098263,345.30,5.4.2026,16:04:21,10,YES
19.88,42.02,980.17,48.339112,18.098242,342.10,5.4.2026,16:04:27,10,YES
19.88,42.37,980.11,48.339163,18.098221,340.50,5.4.2026,16:04:31,10,YES
19.84,43.38,980.05,48.339212,18.098177,340.50,5.4.2026,16:04:37,10,YES
19.81,43.03,979.97,48.339244,18.098167,339.60,5.4.2026,16:04:41,10,YES
19.75,41.20,979.87,48.339266,18.098128,342.10,5.4.2026,16:04:47,9,YES
19.73,41.77,979.84,48.339300,18.098112,341.60,5.4.2026,16:04:51,9,YES
19.69,41.81,979.81,48.339358,18.098027,345.10,5.4.2026,16:04:57,10,YES
19.67,42.75,979.77,48.339399,18.098006,345.70,5.4.2026,16:05:01,10,YES
19.61,42.55,979.67,48.339431,18.097964,344.00,5.4.2026,16:05:07,10,YES
19.60,42.20,979.61,48.339472,18.097931,343.30,5.4.2026,16:05:11,8,YES
19.57,42.40,979.53,48.339539,18.097899,345.10,5.4.2026,16:05:17,10,YES
19.53,42.69,979.45,48.339584,18.097878,347.60,5.4.2026,16:05:21,10,YES
19.51,43.29,979.45,48.339633,18.097835,346.90,5.4.2026,16:05:27,10,YES
19.46,44.08,979.40,48.339657,18.097788,349.20,5.4.2026,16:05:31,10,YES
19.39,44.29,979.33,48.339697,18.097729,354.20,5.4.2026,16:05:37,9,YES
19.36,45.14,979.34,48.339729,18.097664,358.40,5.4.2026,16:05:41,10,YES
19.32,44.28,979.28,48.339784,18.097614,357.30,5.4.2026,16:05:47,9,YES
19.33,42.37,979.23,48.339808,18.097636,357.60,5.4.2026,16:05:51,10,YES
19.35,41.68,979.17,48.339800,18.097521,358.80,5.4.2026,16:05:57,8,YES
19.37,40.58,979.10,48.339869,18.097424,355.40,5.4.2026,16:06:01,9,YES
19.40,41.96,979.05,48.339926,18.097415,354.20,5.4.2026,16:06:07,9,YES
19.41,41.95,978.97,48.339952,18.097362,353.10,5.4.2026,16:06:11,9,YES
19.42,41.93,978.91,48.340017,18.097278,356.00,5.4.2026,16:06:17,10,YES
19.45,42.32,978.88,48.340037,18.097256,358.20,5.4.2026,16:06:21,10,YES
19.45,43.04,978.75,48.340094,18.097205,358.70,5.4.2026,16:06:27,10,YES
19.43,43.27,978.65,48.340125,18.097175,359.90,5.4.2026,16:06:31,9,YES
19.42,43.15,978.55,48.340177,18.097141,357.40,5.4.2026,16:06:37,10,YES
19.41,43.10,978.48,48.340221,18.097107,359.80,5.4.2026,16:06:41,10,YES
19.41,41.46,978.34,48.340262,18.097075,361.80,5.4.2026,16:06:47,10,YES
19.42,41.29,978.25,48.340292,18.097049,362.40,5.4.2026,16:06:51,9,YES
19.41,40.53,978.16,48.340334,18.097013,363.10,5.4.2026,16:06:57,9,YES
19.42,41.52,978.04,48.340351,18.096994,363.60,5.4.2026,16:07:01,9,YES
19.39,41.15,977.90,48.340393,18.096969,364.30,5.4.2026,16:07:07,9,YES
19.37,40.45,977.83,48.340424,18.096939,365.10,5.4.2026,16:07:11,10,YES
19.37,40.50,977.74,48.340471,18.096888,364.10,5.4.2026,16:07:17,10,YES
19.40,42.51,977.64,48.340499,18.096855,366.50,5.4.2026,16:07:21,10,YES
19.47,43.30,977.55,48.340538,18.096856,367.80,5.4.2026,16:07:27,10,YES
19.48,41.55,977.47,48.340553,18.096820,371.80,5.4.2026,16:07:31,9,YES
19.53,43.15,977.35,48.340607,18.096807,371.70,5.4.2026,16:07:37,10,YES
19.55,42.80,977.27,48.340640,18.096815,371.80,5.4.2026,16:07:41,9,YES
19.58,42.02,977.11,48.340696,18.096806,370.90,5.4.2026,16:07:47,10,YES
19.57,40.92,977.03,48.340737,18.096775,371.90,5.4.2026,16:07:51,10,YES
19.55,40.56,976.91,48.340788,18.096721,373.90,5.4.2026,16:07:57,10,YES
19.53,40.50,976.81,48.340816,18.096709,371.30,5.4.2026,16:08:01,10,YES
19.54,43.02,976.74,48.340847,18.096690,370.50,5.4.2026,16:08:07,9,YES
19.52,41.52,976.67,48.340893,18.096681,371.60,5.4.2026,16:08:11,10,YES
19.54,42.78,976.57,48.340930,18.096660,373.90,5.4.2026,16:08:17,9,YES
19.53,42.28,976.51,48.340964,18.096634,375.40,5.4.2026,16:08:21,9,YES
19.56,43.44,976.42,48.341008,18.096605,380.00,5.4.2026,16:08:27,8,YES
19.55,43.56,976.44,48.341050,18.096600,381.40,5.4.2026,16:08:31,9,YES
19.56,44.40,976.48,48.341082,18.096606,381.30,5.4.2026,16:08:37,9,YES
19.54,43.77,976.50,48.341091,18.096607,379.10,5.4.2026,16:08:41,9,YES
19.37,42.76,976.50,48.341081,18.096600,379.30,5.4.2026,16:08:47,9,YES
19.27,42.81,976.51,48.341078,18.096587,378.50,5.4.2026,16:08:51,9,YES
19.15,43.22,976.48,48.341084,18.096575,378.10,5.4.2026,16:08:57,10,YES
19.10,43.13,976.51,48.341088,18.096572,376.70,5.4.2026,16:09:01,11,YES
19.02,43.06,976.47,48.341089,18.096555,377.40,5.4.2026,16:09:07,10,YES
18.97,43.46,976.47,48.341088,18.096548,378.20,5.4.2026,16:09:11,10,YES
18.89,44.15,976.48,48.341083,18.096533,380.40,5.4.2026,16:09:17,9,YES
18.86,43.78,976.44,48.341084,18.096524,380.70,5.4.2026,16:09:21,11,YES
18.81,44.07,976.48,48.341086,18.096512,380.60,5.4.2026,16:09:27,11,YES
18.79,44.05,976.47,48.341080,18.096493,382.40,5.4.2026,16:09:31,12,YES
18.75,44.00,976.46,48.341075,18.096478,384.60,5.4.2026,16:09:37,12,YES
18.74,44.10,976.46,48.341071,18.096471,385.90,5.4.2026,16:09:41,12,YES
18.71,44.17,976.43,48.341051,18.096431,391.00,5.4.2026,16:09:47,12,YES
18.70,44.23,976.46,48.341032,18.096385,396.50,5.4.2026,16:09:51,12,YES
18.67,44.78,976.44,48.341026,18.096333,399.60,5.4.2026,16:09:57,11,YES
18.65,44.81,976.47,48.341023,18.096308,401.90,5.4.2026,16:10:01,12,YES
18.61,45.24,976.44,48.341021,18.096294,404.50,5.4.2026,16:10:07,11,YES
18.61,45.45,976.44,48.341028,18.096308,402.90,5.4.2026,16:10:11,12,YES
18.61,45.42,976.44,48.341054,18.096359,395.30,5.4.2026,16:10:17,12,YES
18.72,50.71,976.35,48.341067,18.096382,391.10,5.4.2026,16:10:21,12,YES
18.85,48.08,976.27,48.341096,18.096440,388.60,5.4.2026,16:10:27,11,YES
18.89,47.15,976.21,48.341122,18.096487,387.20,5.4.2026,16:10:31,12,YES
18.87,45.78,976.12,48.341157,18.096560,385.50,5.4.2026,16:10:37,12,YES
18.88,45.06,976.06,48.341183,18.096589,385.30,5.4.2026,16:10:41,12,YES
18.88,44.79,975.90,48.341210,18.096641,383.90,5.4.2026,16:10:47,12,YES
18.83,44.60,975.80,48.341250,18.096620,384.10,5.4.2026,16:10:51,12,YES
18.92,44.79,975.84,48.341288,18.096651,383.80,5.4.2026,16:10:57,10,YES
18.93,44.71,975.78,48.341305,18.096668,385.30,5.4.2026,16:11:01,11,YES
18.92,43.57,975.69,48.341343,18.096735,388.30,5.4.2026,16:11:07,12,YES
18.90,43.74,975.66,48.341368,18.096769,387.10,5.4.2026,16:11:11,11,YES
18.91,43.69,975.60,48.341402,18.096802,389.10,5.4.2026,16:11:17,12,YES
18.90,43.25,975.54,48.341434,18.096834,390.30,5.4.2026,16:11:21,12,YES
18.85,43.08,975.52,48.341434,18.096855,392.80,5.4.2026,16:11:27,12,YES
18.87,43.65,975.47,48.341459,18.096880,393.80,5.4.2026,16:11:31,11,YES
18.88,43.56,975.36,48.341496,18.096905,392.70,5.4.2026,16:11:37,12,YES
18.86,43.66,975.33,48.341515,18.096918,395.40,5.4.2026,16:11:41,11,YES
18.84,43.53,975.27,48.341550,18.096933,396.30,5.4.2026,16:11:47,12,YES
18.83,43.54,975.20,48.341585,18.096964,396.70,5.4.2026,16:11:51,12,YES
18.85,43.53,975.07,48.341628,18.096977,397.40,5.4.2026,16:11:57,11,YES
18.82,43.22,975.07,48.341654,18.096984,396.50,5.4.2026,16:12:01,11,YES
18.83,43.90,974.98,48.341680,18.096993,395.60,5.4.2026,16:12:07,12,YES
18.84,43.58,974.97,48.341692,18.097003,392.40,5.4.2026,16:12:11,10,YES
18.82,44.04,974.85,48.341739,18.097014,391.70,5.4.2026,16:12:17,12,YES
18.84,45.13,974.81,48.341767,18.097028,392.80,5.4.2026,16:12:21,11,YES
18.78,44.27,974.74,48.341805,18.097057,391.70,5.4.2026,16:12:27,11,YES
18.76,44.05,974.70,48.341830,18.097060,394.20,5.4.2026,16:12:31,11,YES
18.79,46.09,974.70,48.341842,18.097036,397.00,5.4.2026,16:12:37,9,YES
18.73,44.63,974.64,48.341862,18.097087,395.80,5.4.2026,16:12:41,11,YES
18.63,44.63,974.53,48.341887,18.097142,395.80,5.4.2026,16:12:47,11,YES
18.57,44.29,974.47,48.341911,18.097146,399.00,5.4.2026,16:12:51,11,YES
18.52,44.00,974.40,48.341949,18.097197,398.90,5.4.2026,16:12:57,11,YES
18.52,43.56,974.39,48.341987,18.097236,398.30,5.4.2026,16:13:01,11,YES
18.50,43.50,974.28,48.342038,18.097287,396.80,5.4.2026,16:13:07,10,YES
18.49,43.48,974.22,48.342073,18.097294,397.50,5.4.2026,16:13:11,11,YES
18.47,43.56,974.12,48.342131,18.097324,397.30,5.4.2026,16:13:17,11,YES
18.47,43.50,974.06,48.342171,18.097358,395.60,5.4.2026,16:13:21,10,YES
18.46,43.73,973.99,48.342221,18.097393,395.40,5.4.2026,16:13:27,11,YES
18.47,43.64,973.97,48.342257,18.097417,393.90,5.4.2026,16:13:31,7,YES
18.46,44.56,973.92,48.342315,18.097441,390.40,5.4.2026,16:13:37,4,YES
18.42,44.85,973.88,48.342291,18.097414,393.30,5.4.2026,16:13:41,3,YES
18.38,45.16,973.77,48.342388,18.097561,390.20,5.4.2026,16:13:47,3,YES
18.38,45.18,973.78,48.342383,18.097557,389.90,5.4.2026,16:13:51,3,YES
18.34,45.42,973.71,48.342435,18.097624,383.70,5.4.2026,16:13:57,4,YES
18.32,45.29,973.65,48.342507,18.097719,381.60,5.4.2026,16:14:01,5,YES
18.30,45.25,973.58,48.342492,18.097516,381.70,5.4.2026,16:14:07,3,YES
18.30,45.04,973.51,48.342528,18.097533,382.20,5.4.2026,16:14:11,3,YES
18.34,45.54,973.45,48.342569,18.097517,382.80,5.4.2026,16:14:17,3,YES
18.37,45.23,973.41,48.342587,18.097546,383.30,5.4.2026,16:14:21,4,YES
18.48,47.01,973.31,48.342748,18.097646,388.90,5.4.2026,16:14:27,5,YES
18.56,49.98,973.23,48.342739,18.097538,390.90,5.4.2026,16:14:31,5,YES
18.59,47.98,973.10,48.342894,18.097637,392.70,5.4.2026,16:14:37,4,YES
18.60,45.75,973.03,48.342896,18.097615,392.90,5.4.2026,16:14:41,3,YES
18.63,43.54,972.90,48.342885,18.097538,393.00,5.4.2026,16:14:47,3,YES
18.67,43.32,972.81,48.342929,18.097524,393.20,5.4.2026,16:14:51,4,YES
18.70,42.88,972.67,48.342940,18.097475,393.10,5.4.2026,16:14:57,5,YES
18.74,41.84,972.69,48.342888,18.097335,395.20,5.4.2026,16:15:01,4,YES
18.78,42.88,972.61,48.342908,18.097340,394.50,5.4.2026,16:15:07,6,YES
18.73,42.95,972.49,48.343037,18.097472,396.30,5.4.2026,16:15:11,11,YES
18.71,44.78,972.50,48.342998,18.097423,399.30,5.4.2026,16:15:17,9,YES
18.65,44.02,972.41,48.342944,18.097328,401.30,5.4.2026,16:15:21,6,YES
18.61,44.98,972.36,48.342929,18.097315,401.70,5.4.2026,16:15:27,3,YES
18.57,45.23,972.30,48.342940,18.097315,401.70,5.4.2026,16:15:31,3,YES
18.54,45.45,972.29,48.343103,18.097548,401.40,5.4.2026,16:15:37,10,YES
18.50,45.15,972.24,48.343149,18.097613,401.90,5.4.2026,16:15:41,10,YES
18.48,43.86,972.15,48.343216,18.097692,402.20,5.4.2026,16:15:47,10,YES
18.47,43.50,972.06,48.343241,18.097735,402.70,5.4.2026,16:15:51,10,YES
18.49,42.52,971.98,48.343279,18.097793,403.40,5.4.2026,16:15:57,10,YES
18.52,42.18,971.91,48.343298,18.097818,403.70,5.4.2026,16:16:01,10,YES
18.56,41.99,971.86,48.343344,18.097870,403.50,5.4.2026,16:16:07,10,YES
18.61,42.79,971.78,48.343364,18.097920,403.60,5.4.2026,16:16:11,10,YES
18.67,43.51,971.72,48.343394,18.097991,403.90,5.4.2026,16:16:17,10,YES
18.69,44.82,971.66,48.343399,18.098037,403.90,5.4.2026,16:16:21,10,YES
18.69,43.82,971.58,48.343401,18.098092,404.30,5.4.2026,16:16:27,10,YES
18.66,43.25,971.47,48.343409,18.098117,404.60,5.4.2026,16:16:31,10,YES
18.63,42.92,971.34,48.343403,18.098156,405.90,5.4.2026,16:16:37,10,YES
18.62,42.95,971.27,48.343413,18.098187,406.10,5.4.2026,16:16:41,10,YES
18.58,43.43,971.14,48.343425,18.098246,410.30,5.4.2026,16:16:47,10,YES
18.56,43.28,971.09,48.343427,18.098280,412.80,5.4.2026,16:16:51,10,YES
18.55,43.33,971.00,48.343440,18.098355,419.70,5.4.2026,16:16:57,10,YES
18.56,43.09,970.94,48.343453,18.098407,420.80,5.4.2026,16:17:01,10,YES
18.57,42.54,970.83,48.343479,18.098467,422.30,5.4.2026,16:17:07,10,YES
18.56,42.33,970.71,48.343492,18.098531,422.10,5.4.2026,16:17:11,10,YES
18.58,42.60,970.61,48.343505,18.098620,421.40,5.4.2026,16:17:17,10,YES
18.59,42.08,970.53,48.343513,18.098643,424.20,5.4.2026,16:17:21,10,YES
18.60,42.07,970.42,48.343542,18.098745,423.40,5.4.2026,16:17:27,10,YES
18.61,42.18,970.36,48.343553,18.098801,420.60,5.4.2026,16:17:31,10,YES
18.62,42.43,970.30,48.343592,18.098895,418.50,5.4.2026,16:17:37,10,YES
18.63,42.86,970.19,48.343615,18.098946,418.60,5.4.2026,16:17:41,10,YES
18.68,42.16,970.11,48.343637,18.098998,423.20,5.4.2026,16:17:47,10,YES
18.72,43.85,970.12,48.343641,18.099046,425.50,5.4.2026,16:17:51,5,YES
18.74,43.36,970.06,48.343795,18.099033,423.10,5.4.2026,16:17:57,6,YES
18.75,42.59,969.98,48.343752,18.099078,424.20,5.4.2026,16:18:01,9,YES
18.80,45.45,969.90,48.343735,18.099145,429.10,5.4.2026,16:18:07,10,YES
18.79,44.51,969.82,48.343710,18.099207,433.20,5.4.2026,16:18:11,10,YES
18.81,44.26,969.73,48.343705,18.099250,435.40,5.4.2026,16:18:17,10,YES
18.78,42.81,969.62,48.343710,18.099305,437.10,5.4.2026,16:18:21,10,YES
18.74,42.20,969.48,48.343733,18.099367,439.00,5.4.2026,16:18:27,10,YES
18.73,41.73,969.42,48.343733,18.099395,441.10,5.4.2026,16:18:31,10,YES
18.73,41.46,969.30,48.343750,18.099470,441.60,5.4.2026,16:18:37,10,YES
18.73,42.50,969.23,48.343757,18.099510,441.60,5.4.2026,16:18:41,10,YES
18.74,42.95,969.11,48.343773,18.099575,440.80,5.4.2026,16:18:47,10,YES
18.74,42.52,969.04,48.343795,18.099616,442.30,5.4.2026,16:18:51,10,YES
18.72,41.74,968.89,48.343799,18.099691,445.10,5.4.2026,16:18:57,10,YES
18.71,42.05,968.81,48.343806,18.099717,447.70,5.4.2026,16:19:01,10,YES
18.67,43.08,968.67,48.343811,18.099774,448.50,5.4.2026,16:19:07,10,YES
18.63,43.36,968.61,48.343831,18.099847,445.30,5.4.2026,16:19:11,10,YES
18.58,43.83,968.50,48.343840,18.099896,447.80,5.4.2026,16:19:17,10,YES
18.55,43.78,968.39,48.343836,18.099943,449.70,5.4.2026,16:19:21,10,YES
18.50,44.28,968.25,48.343840,18.100010,446.90,5.4.2026,16:19:27,10,YES
18.51,44.00,968.20,48.343837,18.100032,445.80,5.4.2026,16:19:31,10,YES
18.53,43.96,968.13,48.343833,18.100149,440.50,5.4.2026,16:19:37,10,YES
18.50,44.27,968.03,48.343802,18.100188,438.00,5.4.2026,16:19:41,10,YES
18.43,43.78,967.88,48.343775,18.100219,438.10,5.4.2026,16:19:47,10,YES
18.37,43.62,967.84,48.343747,18.100242,439.30,5.4.2026,16:19:51,10,YES
18.34,42.92,967.76,48.343729,18.100252,446.10,5.4.2026,16:19:57,10,YES
18.34,42.51,967.67,48.343699,18.100256,446.20,5.4.2026,16:20:01,10,YES
18.36,42.26,967.62,48.343646,18.100279,447.40,5.4.2026,16:20:07,10,YES
18.34,42.41,967.58,48.343611,18.100286,446.10,5.4.2026,16:20:11,10,YES
18.32,42.44,967.43,48.343559,18.100326,447.20,5.4.2026,16:20:17,10,YES
18.35,42.61,967.39,48.343515,18.100334,447.30,5.4.2026,16:20:21,10,YES
18.35,42.15,967.28,48.343457,18.100390,446.10,5.4.2026,16:20:27,10,YES
18.35,42.24,967.16,48.343426,18.100443,445.20,5.4.2026,16:20:31,10,YES
18.37,42.28,967.05,48.343391,18.100517,443.50,5.4.2026,16:20:37,10,YES
18.38,42.25,966.98,48.343367,18.100559,442.40,5.4.2026,16:20:41,10,YES
18.39,43.70,966.82,48.343355,18.100636,445.70,5.4.2026,16:20:47,10,YES
18.41,43.46,966.76,48.343362,18.100696,448.40,5.4.2026,16:20:51,10,YES
18.43,43.57,966.65,48.343358,18.100779,450.90,5.4.2026,16:20:57,10,YES
18.43,43.91,966.58,48.343359,18.100825,452.60,5.4.2026,16:21:01,10,YES
18.47,45.30,966.49,48.343396,18.100868,453.20,5.4.2026,16:21:07,11,YES
18.48,46.43,966.40,48.343399,18.100915,453.30,5.4.2026,16:21:11,11,YES
18.49,44.68,966.31,48.343417,18.100968,455.20,5.4.2026,16:21:17,11,YES
18.52,45.34,966.25,48.343429,18.100986,457.90,5.4.2026,16:21:21,10,YES
18.57,45.84,966.10,48.343467,18.101070,458.70,5.4.2026,16:21:27,10,YES
18.60,46.89,966.03,48.343480,18.101118,458.50,5.4.2026,16:21:31,11,YES
18.57,46.20,965.86,48.343506,18.101164,460.80,5.4.2026,16:21:37,11,YES
18.58,46.78,965.81,48.343520,18.101198,461.40,5.4.2026,16:21:41,10,YES
18.54,44.51,965.69,48.343556,18.101250,462.50,5.4.2026,16:21:47,10,YES
18.50,43.74,965.61,48.343578,18.101293,460.90,5.4.2026,16:21:51,11,YES
18.43,43.62,965.49,48.343632,18.101369,465.20,5.4.2026,16:21:57,11,YES
18.41,43.40,965.40,48.343665,18.101405,466.10,5.4.2026,16:22:01,10,YES
18.38,43.24,965.30,48.343724,18.101469,466.20,5.4.2026,16:22:07,10,YES
18.35,43.44,965.22,48.343746,18.101513,467.20,5.4.2026,16:22:11,10,YES
18.31,43.09,965.14,48.343800,18.101579,467.50,5.4.2026,16:22:17,10,YES
18.28,43.30,965.09,48.343823,18.101614,467.40,5.4.2026,16:22:21,10,YES
18.24,42.61,965.01,48.343853,18.101654,467.10,5.4.2026,16:22:27,10,YES
18.25,42.16,964.99,48.343874,18.101689,468.50,5.4.2026,16:22:31,10,YES
18.25,42.36,964.84,48.343907,18.101731,467.10,5.4.2026,16:22:37,10,YES
18.24,42.77,964.82,48.343932,18.101766,465.20,5.4.2026,16:22:41,10,YES
18.23,43.50,964.75,48.343976,18.101786,465.60,5.4.2026,16:22:47,10,YES
18.20,44.33,964.69,48.344004,18.101804,466.40,5.4.2026,16:22:51,10,YES
18.15,44.04,964.58,48.344069,18.101825,469.20,5.4.2026,16:22:57,10,YES
18.12,44.54,964.54,48.344107,18.101838,470.80,5.4.2026,16:23:01,10,YES
18.10,44.47,964.42,48.344164,18.101862,475.10,5.4.2026,16:23:07,10,YES
18.10,44.00,964.36,48.344195,18.101866,476.30,5.4.2026,16:23:11,10,YES
18.07,44.04,964.23,48.344257,18.101873,478.30,5.4.2026,16:23:17,10,YES
18.07,44.32,964.14,48.344285,18.101891,477.60,5.4.2026,16:23:21,10,YES
18.06,44.07,963.99,48.344335,18.101911,477.30,5.4.2026,16:23:27,10,YES
18.06,44.26,963.95,48.344367,18.101920,477.10,5.4.2026,16:23:31,10,YES
18.07,43.55,963.87,48.344425,18.101909,477.10,5.4.2026,16:23:37,10,YES
18.09,43.76,963.86,48.344447,18.101897,477.20,5.4.2026,16:23:41,10,YES
18.12,43.64,963.79,48.344503,18.101869,481.50,5.4.2026,16:23:47,10,YES
18.14,43.51,963.76,48.344529,18.101834,485.00,5.4.2026,16:23:51,10,YES
18.16,43.38,963.68,48.344584,18.101782,485.00,5.4.2026,16:23:57,10,YES
18.16,43.35,963.62,48.344631,18.101748,487.00,5.4.2026,16:24:01,10,YES
18.22,44.80,963.57,48.344686,18.101712,488.00,5.4.2026,16:24:07,10,YES
18.24,44.82,963.49,48.344729,18.101695,488.30,5.4.2026,16:24:11,10,YES
18.24,44.82,963.40,48.344783,18.101696,485.90,5.4.2026,16:24:17,10,YES
18.27,44.39,963.38,48.344820,18.101700,486.40,5.4.2026,16:24:21,10,YES
18.31,44.14,963.35,48.344860,18.101721,486.60,5.4.2026,16:24:27,10,YES
18.29,43.29,963.27,48.344889,18.101724,487.20,5.4.2026,16:24:31,10,YES
18.29,43.05,963.34,48.344909,18.101731,489.30,5.4.2026,16:24:37,10,YES
18.28,42.96,963.36,48.344916,18.101726,491.30,5.4.2026,16:24:41,10,YES
18.29,42.78,963.30,48.344920,18.101735,490.80,5.4.2026,16:24:47,10,YES
18.31,43.22,963.27,48.344945,18.101756,491.10,5.4.2026,16:24:51,10,YES
18.29,42.79,963.19,48.344983,18.101789,489.20,5.4.2026,16:24:57,10,YES
18.30,42.64,963.12,48.345001,18.101794,488.60,5.4.2026,16:25:01,10,YES
18.37,45.36,963.03,48.345039,18.101814,490.20,5.4.2026,16:25:07,10,YES
18.40,45.18,962.99,48.345051,18.101820,493.00,5.4.2026,16:25:11,10,YES
18.38,43.25,962.88,48.345092,18.101844,494.40,5.4.2026,16:25:17,10,YES
18.40,43.12,962.84,48.345116,18.101883,492.50,5.4.2026,16:25:21,10,YES
18.41,43.94,962.75,48.345166,18.101955,492.10,5.4.2026,16:25:27,10,YES
18.36,42.61,962.69,48.345181,18.101990,493.40,5.4.2026,16:25:31,10,YES
18.30,42.56,962.58,48.345195,18.102052,493.80,5.4.2026,16:25:37,10,YES
18.28,43.08,962.52,48.345204,18.102081,497.10,5.4.2026,16:25:41,10,YES
18.20,43.31,962.39,48.345210,18.102156,498.70,5.4.2026,16:25:47,10,YES
18.14,43.27,962.36,48.345211,18.102197,499.50,5.4.2026,16:25:51,10,YES
18.03,43.63,962.22,48.345200,18.102244,499.10,5.4.2026,16:25:57,10,YES
17.97,43.50,962.13,48.345176,18.102260,498.90,5.4.2026,16:26:01,10,YES
17.88,44.28,962.05,48.345135,18.102272,503.10,5.4.2026,16:26:07,10,YES
17.86,43.85,962.00,48.345103,18.102276,502.60,5.4.2026,16:26:11,10,YES
17.83,43.82,961.92,48.345067,18.102288,500.70,5.4.2026,16:26:17,9,YES
17.80,43.86,961.82,48.345033,18.102284,499.50,5.4.2026,16:26:21,9,YES
17.76,44.13,961.70,48.344981,18.102282,501.10,5.4.2026,16:26:27,10,YES
17.73,44.31,961.64,48.344954,18.102287,502.30,5.4.2026,16:26:31,10,YES
17.74,43.88,961.53,48.344904,18.102332,501.80,5.4.2026,16:26:37,10,YES
17.74,43.64,961.44,48.344875,18.102361,503.40,5.4.2026,16:26:41,10,YES
17.77,44.12,961.39,48.344842,18.102403,502.90,5.4.2026,16:26:47,9,YES
17.78,43.88,961.39,48.344834,18.102405,502.20,5.4.2026,16:26:51,10,YES
17.77,43.69,961.30,48.344792,18.102404,507.30,5.4.2026,16:26:57,10,YES
17.76,43.69,961.26,48.344773,18.102413,506.90,5.4.2026,16:27:01,10,YES
17.75,43.48,961.11,48.344733,18.102479,505.90,5.4.2026,16:27:07,10,YES
17.72,43.67,961.00,48.344711,18.102525,507.60,5.4.2026,16:27:11,9,YES
17.70,44.20,960.88,48.344687,18.102604,509.70,5.4.2026,16:27:17,10,YES
17.68,44.22,960.79,48.344671,18.102654,510.00,5.4.2026,16:27:21,10,YES
17.62,46.48,960.66,48.344644,18.102705,514.50,5.4.2026,16:27:27,10,YES
17.58,46.42,960.55,48.344634,18.102740,515.70,5.4.2026,16:27:31,10,YES
17.57,44.37,960.40,48.344626,18.102826,516.20,5.4.2026,16:27:37,10,YES
17.58,44.79,960.31,48.344627,18.102888,517.80,5.4.2026,16:27:41,10,YES
17.46,47.42,960.16,48.344656,18.102964,516.80,5.4.2026,16:27:47,10,YES
17.32,48.35,960.10,48.344668,18.103015,516.30,5.4.2026,16:27:51,10,YES
17.10,49.84,959.99,48.344671,18.103071,516.10,5.4.2026,16:27:57,10,YES
16.97,50.58,959.86,48.344679,18.103141,514.50,5.4.2026,16:28:01,10,YES
16.86,49.04,959.74,48.344696,18.103199,518.10,5.4.2026,16:28:07,10,YES
16.91,47.93,959.75,48.344722,18.103238,516.60,5.4.2026,16:28:11,10,YES
16.94,47.92,959.75,48.344759,18.103300,519.00,5.4.2026,16:28:17,10,YES
16.91,48.01,959.75,48.344746,18.103331,519.90,5.4.2026,16:28:21,10,YES
16.82,47.72,959.64,48.344722,18.103401,522.30,5.4.2026,16:28:27,10,YES
16.80,47.91,959.61,48.344707,18.103444,523.00,5.4.2026,16:28:31,10,YES
16.72,48.72,959.54,48.344685,18.103502,525.60,5.4.2026,16:28:37,10,YES
16.66,48.56,959.47,48.344664,18.103555,525.80,5.4.2026,16:28:41,9,YES
16.60,48.66,959.36,48.344642,18.103632,527.10,5.4.2026,16:28:47,10,YES
16.55,49.21,959.29,48.344615,18.103683,529.60,5.4.2026,16:28:51,10,YES
16.47,49.16,959.20,48.344597,18.103777,531.10,5.4.2026,16:28:57,10,YES
16.37,50.14,959.13,48.344592,18.103824,534.30,5.4.2026,16:29:01,10,YES
16.29,50.21,959.05,48.344582,18.103911,537.20,5.4.2026,16:29:07,10,YES
16.27,50.04,959.03,48.344581,18.103958,537.10,5.4.2026,16:29:11,9,YES
16.23,50.10,958.93,48.344575,18.104051,532.30,5.4.2026,16:29:17,8,YES
16.25,49.53,958.96,48.344573,18.104091,529.50,5.4.2026,16:29:21,9,YES
16.29,48.58,958.90,48.344547,18.104201,530.20,5.4.2026,16:29:27,9,YES
16.29,48.97,958.90,48.344549,18.104267,531.50,5.4.2026,16:29:31,8,YES
16.27,49.01,958.83,48.344532,18.104371,528.10,5.4.2026,16:29:37,6,YES
16.25,49.28,958.77,48.344535,18.104419,526.70,5.4.2026,16:29:41,8,YES
16.22,49.34,958.68,48.344533,18.104517,529.50,5.4.2026,16:29:47,8,YES
16.22,48.91,958.64,48.344541,18.104564,531.00,5.4.2026,16:29:51,9,YES
16.29,47.10,958.58,48.344545,18.104666,532.20,5.4.2026,16:29:57,10,YES
16.31,47.96,958.50,48.344535,18.104716,531.60,5.4.2026,16:30:01,9,YES
16.37,47.79,958.45,48.344508,18.104808,533.20,5.4.2026,16:30:07,9,YES
16.37,47.48,958.42,48.344492,18.104846,532.30,5.4.2026,16:30:11,9,YES
16.34,48.67,958.35,48.344491,18.104987,528.30,5.4.2026,16:30:17,8,YES
16.31,48.98,958.32,48.344507,18.105066,523.00,5.4.2026,16:30:21,9,YES
16.27,48.38,958.23,48.344499,18.105171,519.40,5.4.2026,16:30:27,9,YES
16.26,49.20,958.23,48.344489,18.105243,525.70,5.4.2026,16:30:31,10,YES
16.23,48.26,958.09,48.344476,18.105329,537.60,5.4.2026,16:30:37,10,YES
16.23,48.77,958.09,48.344478,18.105370,538.30,5.4.2026,16:30:41,10,YES
16.16,49.07,957.99,48.344471,18.105424,541.50,5.4.2026,16:30:47,10,YES
16.15,48.92,958.00,48.344460,18.105449,542.40,5.4.2026,16:30:51,10,YES
16.16,48.56,957.88,48.344408,18.105489,545.00,5.4.2026,16:30:57,11,YES
16.16,48.55,957.84,48.344372,18.105492,546.20,5.4.2026,16:31:01,10,YES
16.17,48.60,957.83,48.344327,18.105468,547.60,5.4.2026,16:31:07,10,YES
16.15,48.50,957.78,48.344307,18.105461,548.80,5.4.2026,16:31:11,11,YES
16.10,49.33,957.71,48.344265,18.105446,550.10,5.4.2026,16:31:17,11,YES
16.10,48.70,957.63,48.344240,18.105432,550.60,5.4.2026,16:31:21,10,YES
16.13,49.70,957.56,48.344200,18.105420,551.80,5.4.2026,16:31:27,9,YES
16.15,51.18,957.56,48.344182,18.105409,553.50,5.4.2026,16:31:31,11,YES
16.12,49.54,957.49,48.344144,18.105390,554.20,5.4.2026,16:31:37,10,YES
16.09,48.99,957.42,48.344133,18.105344,553.80,5.4.2026,16:31:41,10,YES
16.06,48.91,957.29,48.344091,18.105347,553.70,5.4.2026,16:31:47,10,YES
16.07,48.78,957.30,48.344059,18.105323,554.50,5.4.2026,16:31:51,11,YES
15.99,50.28,957.23,48.344007,18.105297,554.50,5.4.2026,16:31:57,11,YES
15.94,50.06,957.16,48.343967,18.105286,554.10,5.4.2026,16:32:01,11,YES
15.92,48.86,957.09,48.343915,18.105254,552.60,5.4.2026,16:32:07,10,YES
15.92,48.29,957.01,48.343875,18.105236,552.10,5.4.2026,16:32:11,11,YES
16.08,47.01,956.96,48.343827,18.105224,550.70,5.4.2026,16:32:17,10,YES
16.18,46.47,956.95,48.343789,18.105218,552.90,5.4.2026,16:32:21,10,YES
16.30,45.99,956.87,48.343750,18.105184,553.40,5.4.2026,16:32:27,11,YES
16.37,45.77,956.78,48.343730,18.105155,552.80,5.4.2026,16:32:31,10,YES
16.44,45.75,956.64,48.343668,18.105161,552.00,5.4.2026,16:32:37,11,YES
16.47,45.56,956.62,48.343636,18.105145,553.90,5.4.2026,16:32:41,11,YES
16.55,45.27,956.49,48.343581,18.105132,554.20,5.4.2026,16:32:47,11,YES
16.60,45.00,956.44,48.343535,18.105116,552.80,5.4.2026,16:32:51,10,YES
16.65,44.69,956.37,48.343462,18.105107,550.40,5.4.2026,16:32:57,11,YES
16.70,44.52,956.35,48.343406,18.105105,550.50,5.4.2026,16:33:01,11,YES
16.78,44.33,956.19,48.343334,18.105121,551.00,5.4.2026,16:33:07,11,YES
16.79,44.28,956.12,48.343284,18.105101,552.00,5.4.2026,16:33:11,10,YES
16.79,44.26,956.03,48.343218,18.105090,552.20,5.4.2026,16:33:17,11,YES
16.79,44.19,956.00,48.343172,18.105077,553.10,5.4.2026,16:33:21,11,YES
16.81,44.06,955.96,48.343103,18.105053,553.00,5.4.2026,16:33:27,11,YES
16.81,44.16,955.83,48.343066,18.105033,553.40,5.4.2026,16:33:31,11,YES
16.79,44.19,955.71,48.343007,18.105014,553.60,5.4.2026,16:33:37,11,YES
16.79,44.20,955.77,48.342967,18.105010,555.40,5.4.2026,16:33:41,11,YES
16.77,44.14,955.68,48.342913,18.105055,557.30,5.4.2026,16:33:47,11,YES
16.76,44.23,955.71,48.342881,18.105074,558.70,5.4.2026,16:33:51,10,YES
16.75,44.22,955.68,48.342842,18.105111,556.90,5.4.2026,16:33:57,9,YES
16.76,44.88,955.74,48.342836,18.105118,556.30,5.4.2026,16:34:01,9,YES
16.77,44.36,955.74,48.342830,18.105143,555.80,5.4.2026,16:34:07,8,YES
16.78,44.19,955.74,48.342830,18.105154,555.30,5.4.2026,16:34:11,11,YES
16.80,44.16,955.76,48.342826,18.105153,555.70,5.4.2026,16:34:17,10,YES
16.82,44.27,955.76,48.342826,18.105150,555.50,5.4.2026,16:34:21,10,YES
16.84,44.42,955.76,48.342820,18.105157,556.10,5.4.2026,16:34:27,12,YES
16.85,44.11,955.76,48.342816,18.105162,556.20,5.4.2026,16:34:31,12,YES
16.85,44.11,955.71,48.342809,18.105174,556.50,5.4.2026,16:34:37,12,YES
16.86,44.14,955.73,48.342806,18.105177,556.60,5.4.2026,16:34:41,12,YES
16.85,44.35,955.72,48.342801,18.105179,556.60,5.4.2026,16:34:47,12,YES
16.85,44.33,955.74,48.342799,18.105178,556.40,5.4.2026,16:34:51,12,YES
16.86,44.20,955.74,48.342798,18.105175,556.30,5.4.2026,16:34:57,12,YES
16.87,44.01,955.76,48.342796,18.105174,556.10,5.4.2026,16:35:01,12,YES
16.87,44.26,955.72,48.342794,18.105172,555.80,5.4.2026,16:35:07,12,YES
16.86,44.52,955.74,48.342790,18.105174,555.90,5.4.2026,16:35:11,12,YES
16.87,44.49,955.75,48.342788,18.105178,556.20,5.4.2026,16:35:17,12,YES
16.86,44.55,955.76,48.342787,18.105182,556.60,5.4.2026,16:35:21,12,YES
16.87,44.87,955.77,48.342787,18.105187,557.30,5.4.2026,16:35:27,12,YES
16.88,44.42,955.77,48.342787,18.105187,557.60,5.4.2026,16:35:31,12,YES
16.88,44.21,955.76,48.342790,18.105186,557.40,5.4.2026,16:35:37,12,YES
16.88,44.39,955.75,48.342792,18.105183,557.00,5.4.2026,16:35:41,12,YES
16.88,44.02,955.74,48.342795,18.105182,556.30,5.4.2026,16:35:47,12,YES
16.88,44.35,955.76,48.342795,18.105183,556.00,5.4.2026,16:35:51,12,YES
16.89,44.01,955.77,48.342794,18.105186,555.80,5.4.2026,16:35:57,12,YES
16.89,44.18,955.80,48.342793,18.105190,556.10,5.4.2026,16:36:01,12,YES
16.91,44.01,955.73,48.342791,18.105189,556.50,5.4.2026,16:36:07,12,YES
16.91,43.99,955.70,48.342792,18.105187,556.60,5.4.2026,16:36:11,12,YES
16.94,43.94,955.73,48.342793,18.105185,556.80,5.4.2026,16:36:17,12,YES
16.96,44.00,955.74,48.342794,18.105184,556.90,5.4.2026,16:36:21,12,YES
16.94,44.11,955.76,48.342799,18.105181,556.70,5.4.2026,16:36:27,12,YES
16.92,44.10,955.78,48.342801,18.105178,556.60,5.4.2026,16:36:31,12,YES
16.92,44.06,955.72,48.342802,18.105169,556.70,5.4.2026,16:36:37,12,YES
16.93,43.95,955.76,48.342802,18.105171,556.60,5.4.2026,16:36:41,12,YES
16.94,43.74,955.74,48.342798,18.105176,557.00,5.4.2026,16:36:47,12,YES
16.94,44.06,955.77,48.342796,18.105180,557.30,5.4.2026,16:36:51,12,YES
16.95,43.74,955.72,48.342794,18.105183,557.30,5.4.2026,16:36:57,12,YES
16.95,43.94,955.72,48.342794,18.105184,557.40,5.4.2026,16:37:01,12,YES
16.98,43.77,955.74,48.342794,18.105186,557.40,5.4.2026,16:37:07,12,YES
16.98,43.38,955.73,48.342792,18.105189,557.20,5.4.2026,16:37:11,12,YES
17.00,43.34,955.67,48.342790,18.105193,556.90,5.4.2026,16:37:17,12,YES
17.00,43.42,955.72,48.342789,18.105196,556.60,5.4.2026,16:37:21,12,YES
17.00,43.48,955.76,48.342789,18.105198,556.30,5.4.2026,16:37:27,12,YES
17.00,43.58,955.81,48.342788,18.105200,556.40,5.4.2026,16:37:31,12,YES
17.00,43.73,955.78,48.342787,18.105202,556.50,5.4.2026,16:37:37,12,YES
17.02,43.71,955.73,48.342787,18.105201,556.40,5.4.2026,16:37:41,12,YES
17.04,43.71,955.78,48.342785,18.105203,556.40,5.4.2026,16:37:47,12,YES
17.05,43.79,955.72,48.342787,18.105199,557.00,5.4.2026,16:37:51,12,YES
17.09,44.43,955.80,48.342792,18.105191,558.20,5.4.2026,16:37:57,12,YES
17.11,43.96,955.76,48.342793,18.105188,558.30,5.4.2026,16:38:01,12,YES
17.11,43.70,955.75,48.342795,18.105182,558.20,5.4.2026,16:38:07,12,YES
17.11,43.54,955.76,48.342797,18.105179,558.00,5.4.2026,16:38:11,12,YES
17.14,43.52,955.70,48.342799,18.105177,557.70,5.4.2026,16:38:17,12,YES
17.19,43.39,955.75,48.342800,18.105174,557.60,5.4.2026,16:38:21,12,YES
17.23,43.26,955.72,48.342799,18.105172,557.10,5.4.2026,16:38:27,12,YES
17.25,43.40,955.70,48.342801,18.105172,556.90,5.4.2026,16:38:31,12,YES
17.28,43.33,955.73,48.342793,18.105177,558.10,5.4.2026,16:38:37,12,YES
17.28,43.10,955.74,48.342792,18.105176,558.70,5.4.2026,16:38:41,12,YES
17.30,42.99,955.73,48.342795,18.105177,558.50,5.4.2026,16:38:47,12,YES
17.32,42.97,955.77,48.342798,18.105174,558.60,5.4.2026,16:38:51,11,YES
17.35,43.00,955.73,48.342800,18.105175,558.40,5.4.2026,16:38:57,11,YES
